season,school,position,avhs_rating,avhs_points,opponent_points
2024,Dublin High School,BS1,2200,42,37
2024,Dublin High School,BS2,1700,49,52
2024,Dublin High School,BS3,1625,42,33
2024,Dublin High School,BS4,1550,57,60
2024,Dublin High School,GS1,2250,20,42
2024,Dublin High School,GS2,1650,42,27
2024,Dublin High School,GS3,1575,42,24
2024,Dublin High School,GS4,1525,42,21
2024,Dublin High School,BD1,3450,42,19
2024,Dublin High School,BD2,3300,42,27
2024,Dublin High School,BD3,3150,58,59
2024,Dublin High School,GD1,3600,20,42
2024,Dublin High School,GD2,3475,53,53
2024,Dublin High School,GD3,3375,21,42
2024,Dublin High School,XD1,3700,24,42
2024,Dublin High School,XD2,3550,27,42
2024,Dublin High School,XD3,3300,21,42
2024,Quarry Lane School,BS1,2200,62,58
2024,Quarry Lane School,BS2,1700,42,14
2024,Quarry Lane School,BS3,1625,42,14
2024,Quarry Lane School,BS4,1550,42,18
2024,Quarry Lane School,GS1,2250,42,14
2024,Quarry Lane School,GS2,1650,42,12
2024,Quarry Lane School,GS3,1575,42,25
2024,Quarry Lane School,GS4,1525,42,6
2024,Quarry Lane School,BD1,3450,39,55
2024,Quarry Lane School,BD2,3300,55,67
2024,Quarry Lane School,BD3,3150,42,24
2024,Quarry Lane School,GD1,3600,42,6
2024,Quarry Lane School,GD2,3475,42,22
2024,Quarry Lane School,GD3,3375,42,15
2024,Quarry Lane School,XD1,3700,31,42
2024,Quarry Lane School,XD2,3550,42,23
2024,Quarry Lane School,XD3,3300,42,29
2024,California High School,BS1,2200,64,51
2024,California High School,BS2,1700,42,30
2024,California High School,BS3,1625,42,18
2024,California High School,BS4,1550,42,25
2024,California High School,GS1,2250,51,54
2024,California High School,GS2,1650,42,36
2024,California High School,GS3,1575,42,25
2024,California High School,GS4,1525,42,36
2024,California High School,BD1,3450,42,21
2024,California High School,BD2,3300,42,15
2024,California High School,BD3,3150,42,47
2024,California High School,GD1,3600,42,8
2024,California High School,GD2,3475,42,19
2024,California High School,GD3,3375,42,14
2024,California High School,XD1,3700,43,32
2024,California High School,XD2,3550,42,24
2024,California High School,XD3,3300,42,20
2024,CVC,BS1,2200,42,23
2024,CVC,BS2,1700,42,14
2024,CVC,BS3,1625,43,36
2024,CVC,BS4,1550,42,13
2024,CVC,GS1,2250,42,10
2024,CVC,GS2,1650,42,6
2024,CVC,GS3,1575,42,16
2024,CVC,GS4,1525,42,17
2024,CVC,BD1,3450,42,14
2024,CVC,BD2,3300,42,20
2024,CVC,BD3,3150,42,7
2024,CVC,GD1,3600,42,9
2024,CVC,GD2,3475,42,26
2024,CVC,GD3,3375,42,34
2024,CVC,XD1,3700,42,13
2024,CVC,XD2,3550,42,24
2024,CVC,XD3,3300,53,45
2024,Emerald High School,BS1,2200,61,44
2024,Emerald High School,BS2,1700,26,42
2024,Emerald High School,BS3,1625,26,42
2024,Emerald High School,BS4,1550,53,38
2024,Emerald High School,GS1,2250,42,3
2024,Emerald High School,GS2,1650,58,41
2024,Emerald High School,GS3,1575,42,11
2024,Emerald High School,GS4,1525,42,22
2024,Emerald High School,BD1,3450,42,14
2024,Emerald High School,BD2,3300,42,15
2024,Emerald High School,BD3,3150,42,34
2024,Emerald High School,GD1,3600,42,15
2024,Emerald High School,GD2,3475,42,12
2024,Emerald High School,GD3,3375,47,57
2024,Emerald High School,XD1,3700,43,35
2024,Emerald High School,XD2,3550,42,25
2024,Emerald High School,XD3,3300,42,17
2024,Dougherty Valley High School,BS1,2200,41,62
2024,Dougherty Valley High School,BS2,1700,23,42
2024,Dougherty Valley High School,BS3,1625,25,42
2024,Dougherty Valley High School,BS4,1550,7,42
2024,Dougherty Valley High School,GS1,2250,31,43
2024,Dougherty Valley High School,GS2,1650,23,42
2024,Dougherty Valley High School,GS3,1575,14,42
2024,Dougherty Valley High School,GS4,1525,22,42
2024,Dougherty Valley High School,BD1,3450,9,42
2024,Dougherty Valley High School,BD2,3300,21,42
2024,Dougherty Valley High School,BD3,3150,14,42
2024,Dougherty Valley High School,GD1,3600,34,42
2024,Dougherty Valley High School,GD2,3475,29,42
2024,Dougherty Valley High School,GD3,3375,42,24
2024,Dougherty Valley High School,XD1,3700,18,42
2024,Dougherty Valley High School,XD2,3550,44,64
2024,Dougherty Valley High School,XD3,3300,18,42
2024,San Ramon Valley High School,BS1,2200,36,42
2024,San Ramon Valley High School,BS2,1700,42,17
2024,San Ramon Valley High School,BS3,1625,42,28
2024,San Ramon Valley High School,BS4,1550,43,31
2024,San Ramon Valley High School,GS1,2250,42,5
2024,San Ramon Valley High School,GS2,1650,42,20
2024,San Ramon Valley High School,GS3,1575,42,8
2024,San Ramon Valley High School,GS4,1525,42,11
2024,San Ramon Valley High School,BD1,3450,53,51
2024,San Ramon Valley High School,BD2,3300,42,30
2024,San Ramon Valley High School,BD3,3150,42,25
2024,San Ramon Valley High School,GD1,3600,42,21
2024,San Ramon Valley High School,GD2,3475,42,14
2024,San Ramon Valley High School,GD3,3375,42,16
2024,San Ramon Valley High School,XD1,3700,42,24
2024,San Ramon Valley High School,XD2,3550,44,40
2024,San Ramon Valley High School,XD3,3300,42,18
2025,Monte Vista High School,BS1,2200,43,24
2025,Monte Vista High School,BS2,1700,48,52
2025,Monte Vista High School,BS3,1625,53,60
2025,Monte Vista High School,BS4,1550,42,32
2025,Monte Vista High School,GS1,2250,42,16
2025,Monte Vista High School,GS2,1650,42,13
2025,Monte Vista High School,GS3,1575,42,22
2025,Monte Vista High School,GS4,1525,44,37
2025,Monte Vista High School,BD1,3450,42,27
2025,Monte Vista High School,BD2,3300,57,61
2025,Monte Vista High School,BD3,3150,50,60
2025,Monte Vista High School,GD1,3600,42,16
2025,Monte Vista High School,GD2,3475,42,22
2025,Monte Vista High School,GD3,3375,42,25
2025,Monte Vista High School,XD1,3700,42,31
2025,Monte Vista High School,XD2,3550,42,26
2025,Monte Vista High School,XD3,3300,42,17
2025,San Ramon Valley High School,BS1,2200,17,42
2025,San Ramon Valley High School,BS2,1700,42,26
2025,San Ramon Valley High School,BS3,1625,42,15
2025,San Ramon Valley High School,BS4,1550,42,14
2025,San Ramon Valley High School,GS1,2250,42,10
2025,San Ramon Valley High School,GS2,1650,42,10
2025,San Ramon Valley High School,GS3,1575,42,19
2025,San Ramon Valley High School,GS4,1525,42,19
2025,San Ramon Valley High School,BD1,3450,42,18
2025,San Ramon Valley High School,BD2,3300,42,5
2025,San Ramon Valley High School,BD3,3150,42,24
2025,San Ramon Valley High School,GD1,3600,42,18
2025,San Ramon Valley High School,GD2,3475,42,23
2025,San Ramon Valley High School,GD3,3375,55,48
2025,San Ramon Valley High School,XD1,3700,12,42
2025,San Ramon Valley High School,XD2,3550,42,26
2025,San Ramon Valley High School,XD3,3300,42,13
2025,Dublin High School,BS1,2200,42,16
2025,Dublin High School,BS2,1700,42,36
2025,Dublin High School,BS3,1625,42,25
2025,Dublin High School,BS4,1550,42,22
2025,Dublin High School,GS1,2250,45,57
2025,Dublin High School,GS2,1650,42,28
2025,Dublin High School,GS3,1575,42,28
2025,Dublin High School,GS4,1525,42,27
2025,Dublin High School,BD1,3450,42,30
2025,Dublin High School,BD2,3300,42,34
2025,Dublin High School,BD3,3150,42,26
2025,Dublin High School,GD1,3600,29,42
2025,Dublin High School,GD2,3475,32,43
2025,Dublin High School,GD3,3375,25,42
2025,Dublin High School,XD1,3700,30,43
2025,Dublin High School,XD2,3550,49,56
2025,Dublin High School,XD3,3300,42,21
2025,Dougherty Valley High School,BS1,2200,62,54
2025,Dougherty Valley High School,BS2,1700,21,42
2025,Dougherty Valley High School,BS3,1625,22,42
2025,Dougherty Valley High School,BS4,1550,25,42
2025,Dougherty Valley High School,GS1,2250,61,46
2025,Dougherty Valley High School,GS2,1650,42,24
2025,Dougherty Valley High School,GS3,1575,59,54
2025,Dougherty Valley High School,GS4,1525,42,34
2025,Dougherty Valley High School,BD1,3450,19,42
2025,Dougherty Valley High School,BD2,3300,26,42
2025,Dougherty Valley High School,BD3,3150,37,42
2025,Dougherty Valley High School,GD1,3600,13,42
2025,Dougherty Valley High School,GD2,3475,14,42
2025,Dougherty Valley High School,GD3,3375,18,26
2025,Dougherty Valley High School,XD1,3700,16,42
2025,Dougherty Valley High School,XD2,3550,33,42
2025,Dougherty Valley High School,XD3,3300,54,59
2025,Foothill High School,BS1,2200,60,50
2025,Foothill High School,BS2,1700,59,55
2025,Foothill High School,BS3,1625,26,42
2025,Foothill High School,BS4,1550,63,52
2025,Foothill High School,GS1,2250,42,31
2025,Foothill High School,GS2,1650,42,31
2025,Foothill High School,GS3,1575,53,51
2025,Foothill High School,GS4,1525,41,49
2025,Foothill High School,BD1,3450,42,29
2025,Foothill High School,BD2,3300,38,43
2025,Foothill High School,BD3,3150,42,29
2025,Foothill High School,GD1,3600,42,9
2025,Foothill High School,GD2,3475,42,26
2025,Foothill High School,GD3,3375,42,24
2025,Foothill High School,XD1,3700,42,37
2025,Foothill High School,XD2,3550,60,51
2025,Foothill High School,XD3,3300,61,56
2026,GHS,BS1,2200,63,66
2026,GHS,BS2,1700,42,29
2026,GHS,BS3,1625,42,12
2026,GHS,BS4,1550,44,32
2026,GHS,GS1,2250,53,56
2026,GHS,GS2,1650,63,57
2026,GHS,GS3,1575,59,59
2026,GHS,GS4,1525,46,59
2026,GHS,BD1,3450,42,9
2026,GHS,BD2,3300,42,34
2026,GHS,BD3,3150,42,12
2026,GHS,GD1,3600,42,8
2026,GHS,GD2,3475,42,15
2026,GHS,GD3,3375,42,9
2026,GHS,XD1,3700,42,11
2026,GHS,XD2,3550,42,12
2026,GHS,XD3,3300,42,7
2026,California High School,BS1,2200,59,48
2026,California High School,BS2,1700,55,53
2026,California High School,BS3,1625,60,50
2026,California High School,BS4,1550,42,34
2026,California High School,GS1,2250,42,8
2026,California High School,GS2,1650,42,11
2026,California High School,GS3,1575,42,20
2026,California High School,GS4,1525,42,20
2026,California High School,BD1,3450,59,57
2026,California High School,BD2,3300,27,42
2026,California High School,BD3,3150,20,42
2026,California High School,GD1,3600,42,6
2026,California High School,GD2,3475,42,24
2026,California High School,GD3,3375,42,18
2026,California High School,XD1,3700,27,42
2026,California High School,XD2,3550,44,59
2026,California High School,XD3,3300,42,36
2026,San Ramon Valley High School,BS1,2200,43,37
2026,San Ramon Valley High School,BS2,1700,42,22
2026,San Ramon Valley High School,BS3,1625,42,12
2026,San Ramon Valley High School,BS4,1550,42,14
2026,San Ramon Valley High School,GS1,2250,42,10
2026,San Ramon Valley High School,GS2,1650,42,29
2026,San Ramon Valley High School,GS3,1575,42,8
2026,San Ramon Valley High School,GS4,1525,42,10
2026,San Ramon Valley High School,BD1,3450,42,14
2026,San Ramon Valley High School,BD2,3300,42,13
2026,San Ramon Valley High School,BD3,3150,42,11
2026,San Ramon Valley High School,GD1,3600,42,30
2026,San Ramon Valley High School,GD2,3475,42,26
2026,San Ramon Valley High School,GD3,3375,62,57
2026,San Ramon Valley High School,XD1,3700,35,42
2026,San Ramon Valley High School,XD2,3550,42,33
2026,San Ramon Valley High School,XD3,3300,42,15
2026,California High School,BS1,2200,43,63
2026,California High School,BS2,1700,22,42
2026,California High School,BS3,1625,52,60
2026,California High School,BS4,1550,56,51
2026,California High School,GS1,2250,42,25
2026,California High School,GS2,1650,42,31
2026,California High School,GS3,1575,42,15
2026,California High School,GS4,1525,60,60
2026,California High School,BD1,3450,33,42
2026,California High School,BD2,3300,61,56
2026,California High School,BD3,3150,42,33
2026,California High School,GD1,3600,42,26
2026,California High School,GD2,3475,42,21
2026,California High School,GD3,3375,61,55
2026,California High School,XD1,3700,42,17
2026,California High School,XD2,3550,60,67
2026,California High School,XD3,3300,42,28
2026,Foothill High School,BS1,2200,32,42
2026,Foothill High School,BS2,1700,42,32
2026,Foothill High School,BS3,1625,26,42
2026,Foothill High School,BS4,1550,43,31
2026,Foothill High School,GS1,2250,19,42
2026,Foothill High School,GS2,1650,30,42
2026,Foothill High School,GS3,1575,27,42
2026,Foothill High School,GS4,1525,12,42
2026,Foothill High School,BD1,3450,29,42
2026,Foothill High School,BD2,3300,42,34
2026,Foothill High School,BD3,3150,19,42
2026,Foothill High School,GD1,3600,42,12
2026,Foothill High School,GD2,3475,42,20
2026,Foothill High School,GD3,3375,54,49
2026,Foothill High School,XD1,3700,42,14
2026,Foothill High School,XD2,3550,61,50
2026,Foothill High School,XD3,3300,60,57
2026,Emerald High School,BS1,2200,62,60
2026,Emerald High School,BS2,1700,30,42
2026,Emerald High School,BS3,1625,42,26
2026,Emerald High School,BS4,1550,29,42
2026,Emerald High School,GS1,2250,42,37
2026,Emerald High School,GS2,1650,42,27
2026,Emerald High School,GS3,1575,42,28
2026,Emerald High School,GS4,1525,35,39
2026,Emerald High School,BD1,3450,42,31
2026,Emerald High School,BD2,3300,61,47
2026,Emerald High School,BD3,3150,42,26
2026,Emerald High School,GD1,3600,42,12
2026,Emerald High School,GD2,3475,42,34
2026,Emerald High School,GD3,3375,42,30
2026,Emerald High School,XD1,3700,27,42
2026,Emerald High School,XD2,3550,43,36
2026,Emerald High School,XD3,3300,30,42
2026,Dublin High School,BS1,2200,42,25
2026,Dublin High School,BS2,1700,42,27
2026,Dublin High School,BS3,1625,54,59
2026,Dublin High School,BS4,1550,42,32
2026,Dublin High School,GS1,2250,42,26
2026,Dublin High School,GS2,1650,64,59
2026,Dublin High School,GS3,1575,44,32
2026,Dublin High School,GS4,1525,17,42
2026,Dublin High School,BD1,3450,42,29
2026,Dublin High School,BD2,3300,42,21
2026,Dublin High School,BD3,3150,42,18
2026,Dublin High School,GD1,3600,42,38
2026,Dublin High School,GD2,3475,32,42
2026,Dublin High School,GD3,3375,21,42
2026,Dublin High School,XD1,3700,42,19
2026,Dublin High School,XD2,3550,42,14
2026,Dublin High School,XD3,3300,42,29
2026,Emerald High School,BS1,2200,42,15
2026,Emerald High School,BS2,1700,42,24
2026,Emerald High School,BS3,1625,42,25
2026,Emerald High School,BS4,1550,42,27
2026,Emerald High School,GS1,2250,19,42
2026,Emerald High School,GS2,1650,18,42
2026,Emerald High School,GS3,1575,42,26
2026,Emerald High School,GS4,1525,42,23
2026,Emerald High School,BD1,3450,60,50
2026,Emerald High School,BD2,3300,48,53
2026,Emerald High School,BD3,3150,42,25
2026,Emerald High School,GD1,3600,42,30
2026,Emerald High School,GD2,3475,42,31
2026,Emerald High School,GD3,3375,42,29
2026,Emerald High School,XD1,3700,63,58
2026,Emerald High School,XD2,3550,42,26
2026,Emerald High School,XD3,3300,42,18
2026,Monte Vista High School,BS1,2200,42,24
2026,Monte Vista High School,BS2,1700,59,44
2026,Monte Vista High School,BS3,1625,42,36
2026,Monte Vista High School,BS4,1550,58,58
2026,Monte Vista High School,GS1,2250,42,9
2026,Monte Vista High School,GS2,1650,42,17
2026,Monte Vista High School,GS3,1575,42,35
2026,Monte Vista High School,GS4,1525,33,42
2026,Monte Vista High School,BD1,3450,42,36
2026,Monte Vista High School,BD2,3300,42,26
2026,Monte Vista High School,BD3,3150,42,29
2026,Monte Vista High School,GD1,3600,42,15
2026,Monte Vista High School,GD2,3475,42,17
2026,Monte Vista High School,GD3,3375,36,42
2026,Monte Vista High School,XD1,3700,42,17
2026,Monte Vista High School,XD2,3550,54,53
2026,Monte Vista High School,XD3,3300,42,22
2026,Dougherty Valley High School,BS1,2200,61,49
2026,Dougherty Valley High School,BS2,1700,23,42
2026,Dougherty Valley High School,BS3,1625,12,42
2026,Dougherty Valley High School,BS4,1550,23,42
2026,Dougherty Valley High School,GS1,2250,42,19
2026,Dougherty Valley High School,GS2,1650,42,23
2026,Dougherty Valley High School,GS3,1575,54,59
2026,Dougherty Valley High School,GS4,1525,42,27
2026,Dougherty Valley High School,BD1,3450,20,42
2026,Dougherty Valley High School,BD2,3300,29,42
2026,Dougherty Valley High School,BD3,3150,22,42
2026,Dougherty Valley High School,GD1,3600,42,30
2026,Dougherty Valley High School,GD2,3475,47,57
2026,Dougherty Valley High School,GD3,3375,25,42
2026,Dougherty Valley High School,XD1,3700,28,42
2026,Dougherty Valley High School,XD2,3550,26,42
2026,Dougherty Valley High School,XD3,3300,36,43
2026,Foothill High School,BS1,2200,64,66
2026,Foothill High School,BS2,1700,42,33
2026,Foothill High School,BS3,1625,32,42
2026,Foothill High School,BS4,1550,60,54
2026,Foothill High School,GS1,2250,42,29
2026,Foothill High School,GS2,1650,61,54
2026,Foothill High School,GS3,1575,42,17
2026,Foothill High School,GS4,1525,42,27
2026,Foothill High School,BD1,3450,19,42
2026,Foothill High School,BD2,3300,26,42
2026,Foothill High School,BD3,3150,27,42
2026,Foothill High School,GD1,3600,42,21
2026,Foothill High School,GD2,3475,42,18
2026,Foothill High School,GD3,3375,55,58
2026,Foothill High School,XD1,3700,58,47
2026,Foothill High School,XD2,3550,60,46
2026,Foothill High School,XD3,3300,56,53
